Date,Time,Latitude,Longitude,Altitude (m),Speed (m/s)
2/17/2026, 17:43:01, 39.744453, -105.151009, 1738.30, 0.05
2/17/2026, 17:43:03, 39.744453, -105.151009, 1738.10, 0.05
2/17/2026, 17:43:04, 39.744450, -105.151009, 1739.40, 0.13
2/17/2026, 17:43:05, 39.744453, -105.151009, 1740.80, 0.23
2/17/2026, 17:43:06, 39.744453, -105.151009, 1741.70, 0.09
2/17/2026, 17:43:07, 39.744453, -105.151009, 1741.90, 0.07
2/17/2026, 17:43:08, 39.744453, -105.151009, 1741.70, 0.03
2/17/2026, 17:43:09, 39.744457, -105.151009, 1741.60, 0.07
2/17/2026, 17:43:10, 39.744457, -105.150978, 1741.10, 0.07
2/17/2026, 17:43:11, 39.744457, -105.150978, 1741.10, 0.05
2/17/2026, 17:43:12, 39.744457, -105.150978, 1741.10, 0.03
2/17/2026, 17:43:13, 39.744457, -105.150963, 1741.00, 0.01
2/17/2026, 17:43:14, 39.744457, -105.150963, 1741.00, 0.01
2/17/2026, 17:43:15, 39.744457, -105.150963, 1740.70, 0.05
2/17/2026, 17:43:16, 39.744457, -105.150963, 1740.40, 0.05
2/17/2026, 17:43:17, 39.744457, -105.150963, 1740.10, 0.02
2/17/2026, 17:43:18, 39.744457, -105.150963, 1740.00, 0.01
2/17/2026, 17:43:19, 39.744457, -105.150963, 1739.40, 0.04
2/17/2026, 17:43:20, 39.744461, -105.150963, 1739.00, 0.06
2/17/2026, 17:43:21, 39.744461, -105.150978, 1738.70, 0.05
2/17/2026, 17:43:22, 39.744461, -105.150978, 1738.40, 0.07
2/17/2026, 17:43:23, 39.744461, -105.150978, 1738.10, 0.06
2/17/2026, 17:43:24, 39.744461, -105.150978, 1737.80, 0.05
2/17/2026, 17:43:25, 39.744457, -105.150963, 1736.70, 0.04
2/17/2026, 17:43:26, 39.744453, -105.150963, 1735.80, 0.05
2/17/2026, 17:43:27, 39.744453, -105.150963, 1735.00, 0.05
2/17/2026, 17:43:28, 39.744453, -105.150963, 1734.50, 0.05
2/17/2026, 17:43:29, 39.744453, -105.150963, 1734.30, 0.04
2/17/2026, 17:43:30, 39.744453, -105.150963, 1734.20, 0.01
2/17/2026, 17:43:31, 39.744453, -105.150963, 1734.00, 0.02
2/17/2026, 17:43:32, 39.744453, -105.150963, 1733.80, 0.02
2/17/2026, 17:43:33, 39.744453, -105.150963, 1733.70, 0.01
2/17/2026, 17:43:34, 39.744457, -105.150963, 1733.60, 0.02
2/17/2026, 17:43:35, 39.744457, -105.150963, 1733.60, 0.02
2/17/2026, 17:43:36, 39.744457, -105.150963, 1733.60, 0.02
2/17/2026, 17:43:37, 39.744457, -105.150963, 1733.60, 0.02
2/17/2026, 17:43:38, 39.744457, -105.150963, 1733.60, 0.04
2/17/2026, 17:43:39, 39.744461, -105.150963, 1733.30, 0.40
2/17/2026, 17:43:40, 39.744465, -105.150963, 1733.30, 0.52
2/17/2026, 17:43:41, 39.744469, -105.150948, 1733.10, 0.67
2/17/2026, 17:43:42, 39.744473, -105.150948, 1733.00, 0.87
2/17/2026, 17:43:43, 39.744484, -105.150948, 1732.90, 0.77
2/17/2026, 17:43:44, 39.744488, -105.150948, 1732.80, 0.48
2/17/2026, 17:43:45, 39.744488, -105.150925, 1732.70, 0.07
2/17/2026, 17:43:46, 39.744480, -105.150925, 1732.50, 0.71
2/17/2026, 17:43:47, 39.744469, -105.150909, 1732.40, 1.29
2/17/2026, 17:43:48, 39.744469, -105.150879, 1732.20, 2.20
2/17/2026, 17:43:49, 39.744461, -105.150864, 1732.00, 2.31
2/17/2026, 17:43:50, 39.744450, -105.150833, 1731.70, 2.73
2/17/2026, 17:43:51, 39.744431, -105.150810, 1731.70, 2.76
2/17/2026, 17:43:52, 39.744408, -105.150810, 1731.80, 2.30
2/17/2026, 17:43:53, 39.744396, -105.150833, 1731.80, 2.32
2/17/2026, 17:43:54, 39.744385, -105.150848, 1732.00, 2.86
2/17/2026, 17:43:55, 39.744377, -105.150879, 1732.10, 2.96
2/17/2026, 17:43:56, 39.744373, -105.150909, 1732.40, 2.49
2/17/2026, 17:43:57, 39.744366, -105.150925, 1732.20, 2.59
2/17/2026, 17:43:58, 39.744347, -105.150963, 1732.40, 3.01
2/17/2026, 17:43:59, 39.744320, -105.150978, 1732.40, 3.43
2/17/2026, 17:44:00, 39.744289, -105.150978, 1732.20, 3.97
2/17/2026, 17:44:01, 39.744255, -105.150993, 1732.20, 4.40
2/17/2026, 17:44:02, 39.744213, -105.150993, 1732.30, 4.73
2/17/2026, 17:44:03, 39.744167, -105.150993, 1732.40, 5.19
2/17/2026, 17:44:04, 39.744122, -105.150993, 1732.60, 5.49
2/17/2026, 17:44:05, 39.744072, -105.151009, 1732.70, 5.64
2/17/2026, 17:44:06, 39.744019, -105.151009, 1732.90, 6.09
2/17/2026, 17:44:07, 39.743958, -105.151024, 1732.80, 6.50
2/17/2026, 17:44:08, 39.743896, -105.151024, 1732.80, 6.94
2/17/2026, 17:44:09, 39.743832, -105.151039, 1732.70, 7.14
2/17/2026, 17:44:10, 39.743771, -105.151039, 1732.60, 6.67
2/17/2026, 17:44:11, 39.743713, -105.151054, 1732.30, 5.69
2/17/2026, 17:44:12, 39.743668, -105.151054, 1732.20, 4.56
2/17/2026, 17:44:13, 39.743637, -105.151077, 1731.70, 3.30
2/17/2026, 17:44:14, 39.743607, -105.151093, 1731.60, 3.30
2/17/2026, 17:44:15, 39.743584, -105.151108, 1731.60, 3.13
2/17/2026, 17:44:16, 39.743565, -105.151138, 1731.70, 4.02
2/17/2026, 17:44:17, 39.743546, -105.151192, 1731.70, 5.13
2/17/2026, 17:44:18, 39.743526, -105.151253, 1731.40, 6.20
2/17/2026, 17:44:19, 39.743504, -105.151337, 1731.20, 7.22
2/17/2026, 17:44:20, 39.743473, -105.151413, 1731.40, 7.96
2/17/2026, 17:44:21, 39.743446, -105.151497, 1731.30, 8.49
2/17/2026, 17:44:22, 39.743416, -105.151596, 1731.40, 8.78
2/17/2026, 17:44:23, 39.743393, -105.151695, 1731.30, 8.99
2/17/2026, 17:44:24, 39.743362, -105.151787, 1731.50, 9.09
2/17/2026, 17:44:25, 39.743343, -105.151886, 1731.60, 8.50
2/17/2026, 17:44:26, 39.743343, -105.151985, 1731.70, 7.86
2/17/2026, 17:44:27, 39.743347, -105.152069, 1731.90, 6.54
2/17/2026, 17:44:28, 39.743355, -105.152130, 1732.10, 5.79
2/17/2026, 17:44:29, 39.743351, -105.152199, 1732.20, 5.59
2/17/2026, 17:44:30, 39.743336, -105.152260, 1732.20, 5.60
2/17/2026, 17:44:31, 39.743301, -105.152313, 1732.20, 5.92
2/17/2026, 17:44:32, 39.743263, -105.152359, 1732.20, 5.21
2/17/2026, 17:44:33, 39.743233, -105.152390, 1732.20, 4.34
2/17/2026, 17:44:34, 39.743206, -105.152412, 1732.10, 3.01
2/17/2026, 17:44:35, 39.743191, -105.152443, 1732.30, 3.69
2/17/2026, 17:44:36, 39.743183, -105.152489, 1732.20, 4.65
2/17/2026, 17:44:37, 39.743187, -105.152557, 1732.40, 5.86
2/17/2026, 17:44:38, 39.743198, -105.152634, 1732.30, 7.38
2/17/2026, 17:44:39, 39.743202, -105.152733, 1732.10, 8.34
2/17/2026, 17:44:40, 39.743198, -105.152832, 1732.40, 8.59
2/17/2026, 17:44:41, 39.743176, -105.152931, 1732.50, 8.87
2/17/2026, 17:44:42, 39.743145, -105.153030, 1732.60, 9.66
2/17/2026, 17:44:43, 39.743095, -105.153122, 1732.70, 9.84
2/17/2026, 17:44:44, 39.743031, -105.153206, 1732.90, 10.02
2/17/2026, 17:44:45, 39.742958, -105.153290, 1733.40, 9.87
2/17/2026, 17:44:46, 39.742874, -105.153336, 1733.60, 10.69
2/17/2026, 17:44:47, 39.742783, -105.153389, 1733.70, 11.32
2/17/2026, 17:44:48, 39.742683, -105.153404, 1733.90, 11.83
2/17/2026, 17:44:49, 39.742588, -105.153419, 1734.30, 11.30
2/17/2026, 17:44:50, 39.742485, -105.153435, 1734.60, 11.12
2/17/2026, 17:44:51, 39.742386, -105.153450, 1734.50, 11.69
2/17/2026, 17:44:52, 39.742275, -105.153481, 1734.80, 12.19
2/17/2026, 17:44:53, 39.742176, -105.153519, 1735.10, 11.88
2/17/2026, 17:44:54, 39.742073, -105.153580, 1735.20, 12.40
2/17/2026, 17:44:55, 39.741970, -105.153648, 1735.20, 12.69
2/17/2026, 17:44:56, 39.741879, -105.153725, 1735.50, 12.98
2/17/2026, 17:44:57, 39.741783, -105.153809, 1735.30, 13.09
2/17/2026, 17:44:58, 39.741695, -105.153923, 1735.40, 13.38
2/17/2026, 17:44:59, 39.741615, -105.154037, 1735.60, 12.93
2/17/2026, 17:45:00, 39.741539, -105.154167, 1735.40, 13.64
2/17/2026, 17:45:01, 39.741478, -105.154297, 1735.20, 13.86
2/17/2026, 17:45:02, 39.741428, -105.154442, 1735.10, 13.90
2/17/2026, 17:45:03, 39.741375, -105.154610, 1734.60, 13.92
2/17/2026, 17:45:04, 39.741322, -105.154755, 1734.20, 14.17
2/17/2026, 17:45:05, 39.741272, -105.154900, 1733.60, 14.52
2/17/2026, 17:45:06, 39.741215, -105.155060, 1733.40, 14.36
2/17/2026, 17:45:07, 39.741161, -105.155205, 1733.60, 14.34
2/17/2026, 17:45:08, 39.741104, -105.155357, 1733.70, 14.22
2/17/2026, 17:45:09, 39.741039, -105.155502, 1734.20, 13.87
2/17/2026, 17:45:10, 39.740967, -105.155632, 1734.40, 13.84
2/17/2026, 17:45:11, 39.740891, -105.155762, 1734.90, 13.64
2/17/2026, 17:45:12, 39.740799, -105.155876, 1735.30, 13.66
2/17/2026, 17:45:13, 39.740707, -105.155975, 1735.60, 14.05
2/17/2026, 17:45:14, 39.740601, -105.156075, 1736.00, 14.06
2/17/2026, 17:45:15, 39.740490, -105.156166, 1736.20, 14.35
2/17/2026, 17:45:16, 39.740376, -105.156235, 1736.40, 14.46
2/17/2026, 17:45:17, 39.740253, -105.156319, 1735.90, 14.48
2/17/2026, 17:45:18, 39.740131, -105.156364, 1735.80, 14.90
2/17/2026, 17:45:19, 39.740002, -105.156410, 1735.50, 15.05
2/17/2026, 17:45:20, 39.739868, -105.156448, 1735.60, 15.02
2/17/2026, 17:45:21, 39.739738, -105.156494, 1736.10, 15.03
2/17/2026, 17:45:22, 39.739613, -105.156525, 1736.30, 15.11
2/17/2026, 17:45:23, 39.739487, -105.156593, 1736.60, 15.14
2/17/2026, 17:45:24, 39.739372, -105.156639, 1737.10, 13.91
2/17/2026, 17:45:25, 39.739269, -105.156723, 1737.80, 12.40
2/17/2026, 17:45:26, 39.739189, -105.156807, 1738.70, 10.43
2/17/2026, 17:45:27, 39.739124, -105.156883, 1739.60, 9.81
2/17/2026, 17:45:28, 39.739059, -105.156967, 1740.10, 12.05
2/17/2026, 17:45:29, 39.738976, -105.157082, 1740.40, 12.83
2/17/2026, 17:45:30, 39.738899, -105.157181, 1740.50, 11.35
2/17/2026, 17:45:31, 39.738838, -105.157257, 1740.30, 8.89
2/17/2026, 17:45:32, 39.738792, -105.157326, 1740.30, 6.61
2/17/2026, 17:45:33, 39.738766, -105.157372, 1740.10, 3.77
2/17/2026, 17:45:34, 39.738754, -105.157387, 1740.30, 1.88
2/17/2026, 17:45:35, 39.738743, -105.157425, 1741.00, 4.32
2/17/2026, 17:45:36, 39.738743, -105.157486, 1741.40, 5.81
2/17/2026, 17:45:37, 39.738762, -105.157555, 1741.80, 6.86
2/17/2026, 17:45:38, 39.738815, -105.157646, 1742.20, 8.39
2/17/2026, 17:45:39, 39.738941, -105.157799, 1742.60, 16.29
2/17/2026, 17:45:40, 39.739052, -105.157944, 1743.30, 16.31
2/17/2026, 17:45:41, 39.739155, -105.158073, 1744.20, 15.22
2/17/2026, 17:45:42, 39.739250, -105.158203, 1745.10, 13.59
2/17/2026, 17:45:43, 39.739334, -105.158302, 1746.10, 12.02
2/17/2026, 17:45:44, 39.739418, -105.158401, 1746.70, 10.58
2/17/2026, 17:45:45, 39.739494, -105.158447, 1747.20, 8.81
2/17/2026, 17:45:46, 39.739567, -105.158478, 1747.60, 8.10
2/17/2026, 17:45:47, 39.739643, -105.158478, 1747.60, 8.76
2/17/2026, 17:45:48, 39.739727, -105.158432, 1747.80, 9.93
2/17/2026, 17:45:49, 39.739815, -105.158363, 1747.30, 11.56
2/17/2026, 17:45:50, 39.739910, -105.158287, 1746.50, 12.93
2/17/2026, 17:45:51, 39.740013, -105.158203, 1745.90, 13.36
2/17/2026, 17:45:52, 39.740116, -105.158119, 1745.40, 13.20
2/17/2026, 17:45:53, 39.740223, -105.158028, 1744.80, 14.64
2/17/2026, 17:45:54, 39.740341, -105.157928, 1744.20, 16.50
2/17/2026, 17:45:55, 39.740471, -105.157814, 1743.40, 17.84
2/17/2026, 17:45:56, 39.740608, -105.157700, 1742.80, 18.55
2/17/2026, 17:45:57, 39.740749, -105.157570, 1742.10, 19.39
2/17/2026, 17:45:58, 39.740894, -105.157440, 1741.50, 20.06
2/17/2026, 17:45:59, 39.741039, -105.157295, 1741.00, 20.65
2/17/2026, 17:46:00, 39.741192, -105.157143, 1740.60, 21.25
2/17/2026, 17:46:01, 39.741344, -105.156982, 1740.20, 21.91
2/17/2026, 17:46:02, 39.741505, -105.156822, 1740.00, 22.39
2/17/2026, 17:46:03, 39.741661, -105.156654, 1739.90, 22.72
2/17/2026, 17:46:04, 39.741825, -105.156479, 1739.70, 23.12
2/17/2026, 17:46:05, 39.741985, -105.156296, 1739.70, 23.55
2/17/2026, 17:46:06, 39.742146, -105.156120, 1739.60, 23.76
2/17/2026, 17:46:07, 39.742302, -105.155937, 1738.50, 24.13
2/17/2026, 17:46:08, 39.742474, -105.155746, 1737.60, 25.42
2/17/2026, 17:46:09, 39.742653, -105.155548, 1736.70, 27.45
2/17/2026, 17:46:10, 39.742851, -105.155342, 1735.70, 29.71
2/17/2026, 17:46:11, 39.743065, -105.155098, 1735.00, 31.86
2/17/2026, 17:46:12, 39.743290, -105.154854, 1734.20, 33.91
2/17/2026, 17:46:13, 39.743526, -105.154572, 1733.70, 35.66
2/17/2026, 17:46:14, 39.743763, -105.154282, 1733.50, 36.52
2/17/2026, 17:46:15, 39.744003, -105.153984, 1733.20, 36.40
2/17/2026, 17:46:16, 39.744240, -105.153694, 1732.80, 36.06
2/17/2026, 17:46:17, 39.744480, -105.153419, 1732.20, 35.87
2/17/2026, 17:46:18, 39.744724, -105.153145, 1731.80, 36.03
2/17/2026, 17:46:19, 39.744976, -105.152863, 1730.80, 36.06
2/17/2026, 17:46:20, 39.745232, -105.152588, 1730.10, 36.25
2/17/2026, 17:46:21, 39.745491, -105.152328, 1729.70, 36.34
2/17/2026, 17:46:22, 39.745754, -105.152084, 1729.30, 36.10
2/17/2026, 17:46:23, 39.746017, -105.151840, 1729.10, 35.83
2/17/2026, 17:46:24, 39.746284, -105.151596, 1728.80, 35.85
2/17/2026, 17:46:25, 39.746555, -105.151367, 1728.50, 35.82
2/17/2026, 17:46:26, 39.746826, -105.151154, 1728.10, 35.61
2/17/2026, 17:46:27, 39.747097, -105.150948, 1727.60, 35.36
2/17/2026, 17:46:28, 39.747372, -105.150734, 1726.90, 35.05
2/17/2026, 17:46:29, 39.747639, -105.150520, 1726.10, 34.33
2/17/2026, 17:46:30, 39.747902, -105.150307, 1725.10, 33.59
2/17/2026, 17:46:31, 39.748161, -105.150116, 1724.20, 33.63
2/17/2026, 17:46:32, 39.748425, -105.149918, 1723.20, 33.92
2/17/2026, 17:46:33, 39.748684, -105.149704, 1722.00, 34.16
2/17/2026, 17:46:34, 39.748955, -105.149513, 1721.20, 34.40
2/17/2026, 17:46:35, 39.749218, -105.149300, 1720.10, 34.60
2/17/2026, 17:46:36, 39.749489, -105.149101, 1719.30, 34.72
2/17/2026, 17:46:37, 39.749760, -105.148895, 1718.30, 35.05
2/17/2026, 17:46:38, 39.750034, -105.148682, 1717.10, 35.57
2/17/2026, 17:46:39, 39.750309, -105.148468, 1716.00, 35.90
2/17/2026, 17:46:40, 39.750591, -105.148262, 1715.00, 35.89
2/17/2026, 17:46:41, 39.750862, -105.148048, 1714.10, 35.16
2/17/2026, 17:46:42, 39.751137, -105.147835, 1713.40, 34.39
2/17/2026, 17:46:43, 39.751400, -105.147636, 1712.80, 33.94
2/17/2026, 17:46:44, 39.751659, -105.147430, 1712.20, 33.78
2/17/2026, 17:46:45, 39.751926, -105.147232, 1711.80, 33.94
2/17/2026, 17:46:46, 39.752190, -105.147041, 1711.40, 34.23
2/17/2026, 17:46:47, 39.752453, -105.146828, 1711.00, 34.44
2/17/2026, 17:46:48, 39.752720, -105.146629, 1710.60, 34.43
2/17/2026, 17:46:49, 39.752987, -105.146416, 1710.00, 33.99
2/17/2026, 17:46:50, 39.753246, -105.146225, 1709.50, 33.73
2/17/2026, 17:46:51, 39.753513, -105.146011, 1709.00, 33.55
2/17/2026, 17:46:52, 39.753769, -105.145821, 1708.50, 32.70
2/17/2026, 17:46:53, 39.754017, -105.145638, 1708.10, 31.48
2/17/2026, 17:46:54, 39.754261, -105.145462, 1707.70, 30.47
2/17/2026, 17:46:55, 39.754501, -105.145294, 1707.10, 30.19
2/17/2026, 17:46:56, 39.754749, -105.145134, 1706.50, 30.68
2/17/2026, 17:46:57, 39.754997, -105.144974, 1705.90, 30.94
2/17/2026, 17:46:58, 39.755253, -105.144821, 1705.10, 31.10
2/17/2026, 17:46:59, 39.755508, -105.144676, 1704.50, 31.40
2/17/2026, 17:47:00, 39.755775, -105.144531, 1703.90, 31.54
2/17/2026, 17:47:01, 39.756039, -105.144402, 1703.30, 31.36
2/17/2026, 17:47:02, 39.756298, -105.144272, 1702.60, 31.49
2/17/2026, 17:47:03, 39.756569, -105.144142, 1702.00, 31.53
2/17/2026, 17:47:04, 39.756840, -105.144028, 1701.40, 31.64
2/17/2026, 17:47:05, 39.757107, -105.143913, 1700.70, 31.28
2/17/2026, 17:47:06, 39.757378, -105.143814, 1700.10, 30.55
2/17/2026, 17:47:07, 39.757637, -105.143715, 1699.60, 29.89
2/17/2026, 17:47:08, 39.757900, -105.143623, 1699.20, 30.15
2/17/2026, 17:47:09, 39.758167, -105.143539, 1698.70, 30.40
2/17/2026, 17:47:10, 39.758438, -105.143456, 1698.50, 30.63
2/17/2026, 17:47:11, 39.758713, -105.143394, 1698.30, 31.02
2/17/2026, 17:47:12, 39.758987, -105.143326, 1698.00, 31.51
2/17/2026, 17:47:13, 39.759270, -105.143265, 1697.90, 31.55
2/17/2026, 17:47:14, 39.759548, -105.143211, 1697.80, 31.51
2/17/2026, 17:47:15, 39.759827, -105.143166, 1697.80, 31.31
2/17/2026, 17:47:16, 39.760109, -105.143112, 1697.90, 31.18
2/17/2026, 17:47:17, 39.760384, -105.143082, 1697.90, 31.32
2/17/2026, 17:47:18, 39.760658, -105.143051, 1697.90, 30.35
2/17/2026, 17:47:19, 39.760925, -105.143036, 1697.70, 30.43
2/17/2026, 17:47:20, 39.761196, -105.143021, 1697.70, 30.83
2/17/2026, 17:47:21, 39.761478, -105.142998, 1697.40, 31.37
2/17/2026, 17:47:22, 39.761757, -105.142998, 1696.80, 31.64
2/17/2026, 17:47:23, 39.762039, -105.142998, 1696.20, 31.63
2/17/2026, 17:47:24, 39.762325, -105.142998, 1695.60, 31.79
2/17/2026, 17:47:25, 39.762615, -105.142998, 1695.00, 31.95
2/17/2026, 17:47:26, 39.762897, -105.142998, 1694.20, 31.96
2/17/2026, 17:47:27, 39.763187, -105.143021, 1693.50, 32.09
2/17/2026, 17:47:28, 39.763477, -105.143021, 1692.60, 31.95
2/17/2026, 17:47:29, 39.763760, -105.143021, 1691.70, 32.04
2/17/2026, 17:47:30, 39.764034, -105.143021, 1691.00, 28.96
2/17/2026, 17:47:31, 39.764290, -105.143036, 1690.20, 27.51
2/17/2026, 17:47:32, 39.764538, -105.143036, 1689.40, 27.66
2/17/2026, 17:47:33, 39.764786, -105.143036, 1688.60, 27.87
2/17/2026, 17:47:34, 39.765034, -105.143036, 1687.80, 27.67
2/17/2026, 17:47:35, 39.765285, -105.143036, 1686.90, 27.87
2/17/2026, 17:47:36, 39.765537, -105.143051, 1686.30, 27.76
2/17/2026, 17:47:37, 39.765789, -105.143051, 1685.50, 27.64
2/17/2026, 17:47:38, 39.766037, -105.143051, 1684.70, 27.65
2/17/2026, 17:47:39, 39.766289, -105.143051, 1683.90, 27.69
2/17/2026, 17:47:40, 39.766544, -105.143051, 1683.10, 28.57
2/17/2026, 17:47:41, 39.766800, -105.143066, 1682.10, 28.55
2/17/2026, 17:47:42, 39.767063, -105.143066, 1681.10, 28.51
2/17/2026, 17:47:43, 39.767326, -105.143066, 1680.10, 29.29
2/17/2026, 17:47:44, 39.767590, -105.143066, 1679.00, 29.39
2/17/2026, 17:47:45, 39.767857, -105.143082, 1678.10, 29.38
2/17/2026, 17:47:46, 39.768120, -105.143082, 1677.10, 29.50
2/17/2026, 17:47:47, 39.768391, -105.143082, 1676.00, 30.02
2/17/2026, 17:47:48, 39.768661, -105.143082, 1675.10, 30.01
2/17/2026, 17:47:49, 39.768932, -105.143082, 1674.20, 30.09
2/17/2026, 17:47:50, 39.769203, -105.143082, 1673.50, 30.35
2/17/2026, 17:47:51, 39.769478, -105.143097, 1672.40, 30.37
2/17/2026, 17:47:52, 39.769756, -105.143097, 1671.40, 30.82
2/17/2026, 17:47:53, 39.770031, -105.143097, 1670.70, 31.00
2/17/2026, 17:47:54, 39.770317, -105.143097, 1669.80, 31.26
2/17/2026, 17:47:55, 39.770603, -105.143112, 1668.80, 31.65
2/17/2026, 17:47:56, 39.770889, -105.143112, 1668.10, 32.04
2/17/2026, 17:47:57, 39.771179, -105.143112, 1667.40, 32.40
2/17/2026, 17:47:58, 39.771473, -105.143112, 1666.70, 32.74
2/17/2026, 17:47:59, 39.771770, -105.143112, 1666.20, 33.24
2/17/2026, 17:48:00, 39.772072, -105.143112, 1666.00, 33.27
2/17/2026, 17:48:01, 39.772373, -105.143112, 1665.60, 34.16
2/17/2026, 17:48:02, 39.772678, -105.143112, 1665.50, 34.02
2/17/2026, 17:48:03, 39.772991, -105.143112, 1665.50, 35.03
2/17/2026, 17:48:04, 39.773304, -105.143135, 1665.10, 35.18
2/17/2026, 17:48:05, 39.773621, -105.143135, 1664.30, 35.17
2/17/2026, 17:48:06, 39.773933, -105.143150, 1663.80, 35.14
2/17/2026, 17:48:07, 39.774242, -105.143150, 1663.80, 35.28
2/17/2026, 17:48:08, 39.774570, -105.143150, 1662.90, 34.75
2/17/2026, 17:48:09, 39.774868, -105.143150, 1662.90, 34.31
2/17/2026, 17:48:10, 39.775185, -105.143135, 1662.90, 34.09
2/17/2026, 17:48:11, 39.775497, -105.143082, 1662.70, 33.88
2/17/2026, 17:48:12, 39.775795, -105.143036, 1663.60, 33.61
2/17/2026, 17:48:13, 39.776100, -105.142937, 1664.10, 33.35
2/17/2026, 17:48:14, 39.776382, -105.142822, 1664.90, 32.94
2/17/2026, 17:48:15, 39.776661, -105.142662, 1666.60, 32.66
2/17/2026, 17:48:16, 39.776932, -105.142494, 1667.80, 32.64
2/17/2026, 17:48:17, 39.777187, -105.142319, 1669.40, 32.64
2/17/2026, 17:48:18, 39.777431, -105.142120, 1670.50, 32.17
2/17/2026, 17:48:19, 39.777668, -105.141914, 1671.30, 32.19
2/17/2026, 17:48:20, 39.777889, -105.141647, 1671.50, 32.27
2/17/2026, 17:48:21, 39.778095, -105.141388, 1671.30, 32.09
2/17/2026, 17:48:22, 39.778297, -105.141129, 1671.30, 32.06
2/17/2026, 17:48:23, 39.778477, -105.140839, 1671.30, 32.05
2/17/2026, 17:48:24, 39.778641, -105.140526, 1670.90, 31.87
2/17/2026, 17:48:25, 39.778797, -105.140205, 1670.60, 32.04
2/17/2026, 17:48:26, 39.778934, -105.139862, 1670.00, 32.28
2/17/2026, 17:48:27, 39.779060, -105.139519, 1669.70, 32.68
2/17/2026, 17:48:28, 39.779190, -105.139175, 1669.50, 33.22
2/17/2026, 17:48:29, 39.779320, -105.138817, 1668.80, 33.77
2/17/2026, 17:48:30, 39.779453, -105.138458, 1668.30, 34.41
2/17/2026, 17:48:31, 39.779591, -105.138084, 1667.90, 35.31
2/17/2026, 17:48:32, 39.779728, -105.137711, 1668.10, 35.98
2/17/2026, 17:48:33, 39.779869, -105.137321, 1667.80, 35.99
2/17/2026, 17:48:34, 39.780014, -105.136948, 1667.10, 36.39
2/17/2026, 17:48:35, 39.780163, -105.136559, 1666.30, 36.76
2/17/2026, 17:48:36, 39.780308, -105.136185, 1665.30, 36.45
2/17/2026, 17:48:37, 39.780453, -105.135788, 1664.80, 36.95
2/17/2026, 17:48:38, 39.780598, -105.135399, 1664.50, 37.70
2/17/2026, 17:48:39, 39.780750, -105.135010, 1663.40, 38.16
2/17/2026, 17:48:40, 39.780899, -105.134605, 1662.10, 38.88
2/17/2026, 17:48:41, 39.781059, -105.134178, 1660.60, 39.25
2/17/2026, 17:48:42, 39.781212, -105.133759, 1659.70, 39.05
2/17/2026, 17:48:43, 39.781361, -105.133331, 1658.90, 39.33
2/17/2026, 17:48:44, 39.781509, -105.132927, 1658.90, 38.75
2/17/2026, 17:48:45, 39.781658, -105.132538, 1658.60, 37.48
2/17/2026, 17:48:46, 39.781807, -105.132149, 1658.10, 36.94
2/17/2026, 17:48:47, 39.781948, -105.131752, 1657.50, 36.63
2/17/2026, 17:48:48, 39.782093, -105.131393, 1657.20, 36.60
2/17/2026, 17:48:49, 39.782230, -105.131004, 1656.90, 36.83
2/17/2026, 17:48:50, 39.782375, -105.130615, 1656.10, 37.35
2/17/2026, 17:48:51, 39.782516, -105.130226, 1656.00, 36.14
2/17/2026, 17:48:52, 39.782650, -105.129852, 1655.40, 35.15
2/17/2026, 17:48:53, 39.782780, -105.129478, 1655.20, 34.27
2/17/2026, 17:48:54, 39.782902, -105.129120, 1654.80, 34.05
2/17/2026, 17:48:55, 39.783020, -105.128761, 1654.70, 33.71
2/17/2026, 17:48:56, 39.783127, -105.128403, 1654.80, 33.72
2/17/2026, 17:48:57, 39.783230, -105.128029, 1654.70, 33.73
2/17/2026, 17:48:58, 39.783333, -105.127670, 1654.50, 33.56
2/17/2026, 17:48:59, 39.783428, -105.127296, 1654.80, 33.21
2/17/2026, 17:49:00, 39.783512, -105.126923, 1654.70, 32.96
2/17/2026, 17:49:01, 39.783588, -105.126564, 1654.50, 33.05
2/17/2026, 17:49:02, 39.783669, -105.126205, 1653.90, 31.80
2/17/2026, 17:49:03, 39.783718, -105.125847, 1653.70, 31.02
2/17/2026, 17:49:04, 39.783779, -105.125488, 1653.80, 29.96
2/17/2026, 17:49:05, 39.783825, -105.125160, 1653.20, 29.22
2/17/2026, 17:49:06, 39.783878, -105.124825, 1652.40, 29.62
2/17/2026, 17:49:07, 39.783916, -105.124481, 1651.90, 29.81
2/17/2026, 17:49:08, 39.783943, -105.124138, 1651.70, 30.04
2/17/2026, 17:49:09, 39.783978, -105.123779, 1651.20, 30.30
2/17/2026, 17:49:10, 39.784004, -105.123436, 1650.80, 30.34
2/17/2026, 17:49:11, 39.784035, -105.123077, 1650.80, 30.07
2/17/2026, 17:49:12, 39.784054, -105.122719, 1650.70, 29.76
2/17/2026, 17:49:13, 39.784081, -105.122383, 1650.50, 29.58
2/17/2026, 17:49:14, 39.784100, -105.122040, 1649.70, 29.57
2/17/2026, 17:49:15, 39.784100, -105.121696, 1649.20, 29.55
2/17/2026, 17:49:16, 39.784103, -105.121353, 1649.10, 29.33
2/17/2026, 17:49:17, 39.784107, -105.121025, 1649.00, 29.20
2/17/2026, 17:49:18, 39.784119, -105.120689, 1648.60, 29.31
2/17/2026, 17:49:19, 39.784122, -105.120331, 1648.30, 29.25
2/17/2026, 17:49:20, 39.784122, -105.119987, 1648.30, 29.89
2/17/2026, 17:49:21, 39.784126, -105.119644, 1648.00, 29.93
2/17/2026, 17:49:22, 39.784126, -105.119286, 1647.30, 29.83
2/17/2026, 17:49:23, 39.784122, -105.118942, 1647.20, 29.69
2/17/2026, 17:49:24, 39.784126, -105.118607, 1647.10, 29.71
2/17/2026, 17:49:25, 39.784134, -105.118248, 1646.90, 29.85
2/17/2026, 17:49:26, 39.784134, -105.117905, 1646.60, 29.89
2/17/2026, 17:49:27, 39.784126, -105.117546, 1646.50, 30.01
2/17/2026, 17:49:28, 39.784130, -105.117203, 1646.60, 30.23
2/17/2026, 17:49:29, 39.784134, -105.116844, 1646.00, 30.44
2/17/2026, 17:49:30, 39.784142, -105.116486, 1645.70, 30.61
2/17/2026, 17:49:31, 39.784134, -105.116112, 1645.60, 30.61
2/17/2026, 17:49:32, 39.784134, -105.115753, 1645.30, 31.49
2/17/2026, 17:49:33, 39.784134, -105.115379, 1645.00, 31.73
2/17/2026, 17:49:34, 39.784145, -105.115021, 1644.80, 31.88
2/17/2026, 17:49:35, 39.784142, -105.114647, 1644.90, 31.92
2/17/2026, 17:49:36, 39.784145, -105.114273, 1645.20, 32.14
2/17/2026, 17:49:37, 39.784142, -105.113899, 1644.60, 32.15
2/17/2026, 17:49:38, 39.784145, -105.113525, 1644.20, 32.04
2/17/2026, 17:49:39, 39.784153, -105.113152, 1644.20, 32.03
2/17/2026, 17:49:40, 39.784157, -105.112762, 1644.70, 32.11
2/17/2026, 17:49:41, 39.784145, -105.112389, 1645.50, 32.53
2/17/2026, 17:49:42, 39.784142, -105.111992, 1646.30, 32.76
2/17/2026, 17:49:43, 39.784142, -105.111618, 1647.80, 32.61
2/17/2026, 17:49:44, 39.784142, -105.111244, 1648.60, 32.52
2/17/2026, 17:49:45, 39.784145, -105.110855, 1648.90, 32.78
2/17/2026, 17:49:46, 39.784145, -105.110466, 1649.50, 32.98
2/17/2026, 17:49:47, 39.784157, -105.110092, 1650.00, 32.79
2/17/2026, 17:49:48, 39.784157, -105.109718, 1649.70, 31.99
2/17/2026, 17:49:49, 39.784164, -105.109360, 1649.10, 32.40
2/17/2026, 17:49:50, 39.784157, -105.108986, 1649.00, 30.60
2/17/2026, 17:49:51, 39.784161, -105.108643, 1648.50, 29.47
2/17/2026, 17:49:52, 39.784168, -105.108315, 1647.90, 28.41
2/17/2026, 17:49:53, 39.784168, -105.107994, 1646.70, 28.04
2/17/2026, 17:49:54, 39.784172, -105.107651, 1645.30, 28.88
2/17/2026, 17:49:55, 39.784153, -105.107307, 1644.40, 30.72
2/17/2026, 17:49:56, 39.784111, -105.106918, 1643.40, 32.73
2/17/2026, 17:49:57, 39.784054, -105.106529, 1642.50, 34.76
2/17/2026, 17:49:58, 39.783997, -105.106102, 1642.00, 35.98
2/17/2026, 17:49:59, 39.783943, -105.105698, 1640.70, 36.08
2/17/2026, 17:50:00, 39.783886, -105.105270, 1640.70, 36.75
2/17/2026, 17:50:01, 39.783836, -105.104851, 1640.70, 37.10
2/17/2026, 17:50:02, 39.783779, -105.104408, 1640.80, 37.28
2/17/2026, 17:50:03, 39.783726, -105.103989, 1640.80, 36.81
2/17/2026, 17:50:04, 39.783672, -105.103561, 1641.00, 36.14
2/17/2026, 17:50:05, 39.783638, -105.103157, 1641.80, 35.53
2/17/2026, 17:50:06, 39.783619, -105.102768, 1641.90, 34.12
2/17/2026, 17:50:07, 39.783596, -105.102379, 1641.90, 32.70
2/17/2026, 17:50:08, 39.783581, -105.101982, 1642.10, 31.90
2/17/2026, 17:50:09, 39.783581, -105.101631, 1642.70, 31.48
2/17/2026, 17:50:10, 39.783581, -105.101273, 1643.50, 31.30
2/17/2026, 17:50:11, 39.783577, -105.100899, 1642.90, 30.66
2/17/2026, 17:50:12, 39.783581, -105.100555, 1642.70, 29.34
2/17/2026, 17:50:13, 39.783588, -105.100212, 1642.80, 29.71
2/17/2026, 17:50:14, 39.783604, -105.099869, 1642.60, 30.34
2/17/2026, 17:50:15, 39.783615, -105.099510, 1641.80, 29.40
2/17/2026, 17:50:16, 39.783623, -105.099167, 1641.00, 30.22
2/17/2026, 17:50:17, 39.783623, -105.098808, 1639.80, 30.51
2/17/2026, 17:50:18, 39.783627, -105.098473, 1638.80, 30.64
2/17/2026, 17:50:19, 39.783627, -105.098099, 1637.80, 30.92
2/17/2026, 17:50:20, 39.783623, -105.097725, 1636.80, 31.14
2/17/2026, 17:50:21, 39.783630, -105.097366, 1635.90, 31.23
2/17/2026, 17:50:22, 39.783630, -105.097023, 1634.80, 30.53
2/17/2026, 17:50:23, 39.783627, -105.096664, 1634.10, 30.67
2/17/2026, 17:50:24, 39.783627, -105.096306, 1633.80, 30.66
2/17/2026, 17:50:25, 39.783634, -105.095947, 1633.80, 30.46
2/17/2026, 17:50:26, 39.783638, -105.095604, 1633.20, 30.42
2/17/2026, 17:50:27, 39.783627, -105.095245, 1632.70, 30.42
2/17/2026, 17:50:28, 39.783627, -105.094887, 1633.10, 30.08
2/17/2026, 17:50:29, 39.783619, -105.094551, 1633.40, 29.77
2/17/2026, 17:50:30, 39.783611, -105.094193, 1633.90, 29.86
2/17/2026, 17:50:31, 39.783611, -105.093834, 1634.70, 29.86
2/17/2026, 17:50:32, 39.783615, -105.093491, 1635.00, 29.20
2/17/2026, 17:50:33, 39.783619, -105.093163, 1635.70, 28.95
2/17/2026, 17:50:34, 39.783619, -105.092819, 1636.70, 28.77
2/17/2026, 17:50:35, 39.783619, -105.092484, 1637.50, 28.66
2/17/2026, 17:50:36, 39.783615, -105.092140, 1637.80, 28.62
2/17/2026, 17:50:37, 39.783630, -105.091812, 1638.10, 28.59
2/17/2026, 17:50:38, 39.783653, -105.091469, 1638.00, 28.71
2/17/2026, 17:50:39, 39.783680, -105.091133, 1637.80, 28.84
2/17/2026, 17:50:40, 39.783710, -105.090790, 1637.50, 29.15
2/17/2026, 17:50:41, 39.783756, -105.090462, 1637.40, 29.17
2/17/2026, 17:50:42, 39.783813, -105.090118, 1637.40, 29.02
2/17/2026, 17:50:43, 39.783882, -105.089798, 1636.90, 29.49
2/17/2026, 17:50:44, 39.783951, -105.089455, 1636.50, 29.93
2/17/2026, 17:50:45, 39.784023, -105.089127, 1635.80, 30.04
2/17/2026, 17:50:46, 39.784107, -105.088799, 1634.90, 29.79
2/17/2026, 17:50:47, 39.784180, -105.088463, 1634.10, 29.77
2/17/2026, 17:50:48, 39.784260, -105.088135, 1633.30, 30.05
2/17/2026, 17:50:49, 39.784344, -105.087807, 1632.90, 30.15
2/17/2026, 17:50:50, 39.784424, -105.087448, 1632.30, 30.37
2/17/2026, 17:50:51, 39.784504, -105.087128, 1631.30, 30.40
2/17/2026, 17:50:52, 39.784584, -105.086784, 1630.70, 30.56
2/17/2026, 17:50:53, 39.784668, -105.086441, 1629.70, 30.81
2/17/2026, 17:50:54, 39.784748, -105.086098, 1629.50, 31.19
2/17/2026, 17:50:55, 39.784832, -105.085739, 1629.60, 31.75
2/17/2026, 17:50:56, 39.784920, -105.085381, 1629.40, 31.90
2/17/2026, 17:50:57, 39.785000, -105.085030, 1629.60, 31.88
2/17/2026, 17:50:58, 39.785091, -105.084686, 1629.90, 31.91
2/17/2026, 17:50:59, 39.785175, -105.084312, 1630.40, 31.90
2/17/2026, 17:51:00, 39.785255, -105.083969, 1631.00, 31.55
2/17/2026, 17:51:01, 39.785343, -105.083611, 1631.20, 30.84
2/17/2026, 17:51:02, 39.785419, -105.083267, 1631.80, 30.30
2/17/2026, 17:51:03, 39.785511, -105.082939, 1633.30, 29.88
2/17/2026, 17:51:04, 39.785576, -105.082619, 1633.20, 29.10
2/17/2026, 17:51:05, 39.785656, -105.082291, 1633.90, 28.79
2/17/2026, 17:51:06, 39.785732, -105.081963, 1634.00, 28.57
2/17/2026, 17:51:07, 39.785812, -105.081642, 1633.50, 28.43
2/17/2026, 17:51:08, 39.785881, -105.081329, 1633.70, 28.32
2/17/2026, 17:51:09, 39.785961, -105.081009, 1633.70, 28.40
2/17/2026, 17:51:10, 39.786037, -105.080696, 1633.40, 28.54
2/17/2026, 17:51:11, 39.786114, -105.080406, 1632.70, 28.69
2/17/2026, 17:51:12, 39.786182, -105.080078, 1632.30, 28.67
2/17/2026, 17:51:13, 39.786255, -105.079750, 1632.00, 28.77
2/17/2026, 17:51:14, 39.786312, -105.079414, 1631.80, 29.20
2/17/2026, 17:51:15, 39.786362, -105.079071, 1631.10, 29.42
2/17/2026, 17:51:16, 39.786411, -105.078728, 1629.80, 29.42
2/17/2026, 17:51:17, 39.786430, -105.078384, 1629.00, 29.44
2/17/2026, 17:51:18, 39.786446, -105.078026, 1627.80, 29.57
2/17/2026, 17:51:19, 39.786461, -105.077682, 1627.00, 29.87
2/17/2026, 17:51:20, 39.786457, -105.077347, 1625.90, 30.15
2/17/2026, 17:51:21, 39.786449, -105.077003, 1624.80, 30.35
2/17/2026, 17:51:22, 39.786419, -105.076645, 1625.00, 30.51
2/17/2026, 17:51:23, 39.786377, -105.076286, 1624.30, 30.50
2/17/2026, 17:51:24, 39.786331, -105.075943, 1624.40, 30.46
2/17/2026, 17:51:25, 39.786282, -105.075600, 1623.90, 30.47
2/17/2026, 17:51:26, 39.786209, -105.075241, 1623.10, 30.35
2/17/2026, 17:51:27, 39.786118, -105.074921, 1623.20, 30.44
2/17/2026, 17:51:28, 39.786015, -105.074577, 1623.20, 30.71
2/17/2026, 17:51:29, 39.785896, -105.074234, 1622.90, 31.11
2/17/2026, 17:51:30, 39.785770, -105.073906, 1623.00, 31.33
2/17/2026, 17:51:31, 39.785637, -105.073586, 1622.90, 31.83
2/17/2026, 17:51:32, 39.785488, -105.073257, 1623.40, 32.09
2/17/2026, 17:51:33, 39.785343, -105.072929, 1623.80, 32.35
2/17/2026, 17:51:34, 39.785198, -105.072609, 1624.40, 32.10
2/17/2026, 17:51:35, 39.785053, -105.072311, 1625.70, 31.54
2/17/2026, 17:51:36, 39.784912, -105.072006, 1626.90, 31.02
2/17/2026, 17:51:37, 39.784771, -105.071693, 1627.60, 30.86
2/17/2026, 17:51:38, 39.784630, -105.071388, 1628.50, 30.84
2/17/2026, 17:51:39, 39.784492, -105.071075, 1629.10, 30.53
2/17/2026, 17:51:40, 39.784370, -105.070755, 1630.20, 30.40
2/17/2026, 17:51:41, 39.784252, -105.070442, 1630.70, 30.22
2/17/2026, 17:51:42, 39.784153, -105.070099, 1630.50, 30.23
2/17/2026, 17:51:43, 39.784042, -105.069778, 1630.70, 31.11
2/17/2026, 17:51:44, 39.783928, -105.069420, 1631.70, 32.77
2/17/2026, 17:51:45, 39.783821, -105.069046, 1632.00, 33.88
2/17/2026, 17:51:46, 39.783737, -105.068672, 1631.90, 34.68
2/17/2026, 17:51:47, 39.783669, -105.068260, 1631.50, 34.29
2/17/2026, 17:51:48, 39.783596, -105.067886, 1631.70, 33.97
2/17/2026, 17:51:49, 39.783546, -105.067482, 1632.20, 33.40
2/17/2026, 17:51:50, 39.783501, -105.067108, 1632.50, 33.03
2/17/2026, 17:51:51, 39.783470, -105.066734, 1632.30, 33.00
2/17/2026, 17:51:52, 39.783447, -105.066338, 1632.50, 32.98
2/17/2026, 17:51:53, 39.783432, -105.065964, 1632.30, 32.85
2/17/2026, 17:51:54, 39.783428, -105.065590, 1632.90, 32.74
2/17/2026, 17:51:55, 39.783401, -105.065201, 1633.30, 32.63
2/17/2026, 17:51:56, 39.783382, -105.064812, 1634.20, 32.54
2/17/2026, 17:51:57, 39.783375, -105.064438, 1635.40, 32.30
2/17/2026, 17:51:58, 39.783363, -105.064064, 1636.40, 31.90
2/17/2026, 17:51:59, 39.783348, -105.063705, 1637.20, 30.82
2/17/2026, 17:52:00, 39.783329, -105.063347, 1638.00, 29.84
2/17/2026, 17:52:01, 39.783310, -105.063004, 1638.80, 30.02
2/17/2026, 17:52:02, 39.783306, -105.062660, 1639.40, 29.86
2/17/2026, 17:52:03, 39.783298, -105.062302, 1639.80, 29.85
2/17/2026, 17:52:04, 39.783291, -105.061966, 1640.10, 29.77
2/17/2026, 17:52:05, 39.783298, -105.061623, 1640.10, 29.41
2/17/2026, 17:52:06, 39.783298, -105.061279, 1639.40, 28.74
2/17/2026, 17:52:07, 39.783302, -105.060951, 1638.60, 28.72
2/17/2026, 17:52:08, 39.783310, -105.060616, 1638.50, 28.75
2/17/2026, 17:52:09, 39.783310, -105.060272, 1637.90, 28.78
2/17/2026, 17:52:10, 39.783306, -105.059929, 1637.50, 29.33
2/17/2026, 17:52:11, 39.783306, -105.059586, 1637.10, 29.68
2/17/2026, 17:52:12, 39.783310, -105.059227, 1637.50, 29.95
2/17/2026, 17:52:13, 39.783306, -105.058884, 1637.70, 29.93
2/17/2026, 17:52:14, 39.783318, -105.058510, 1638.30, 31.05
2/17/2026, 17:52:15, 39.783333, -105.058136, 1638.80, 31.98
2/17/2026, 17:52:16, 39.783348, -105.057762, 1639.30, 32.75
2/17/2026, 17:52:17, 39.783367, -105.057373, 1640.00, 33.20
2/17/2026, 17:52:18, 39.783375, -105.056984, 1640.40, 33.21
2/17/2026, 17:52:19, 39.783382, -105.056572, 1639.20, 32.70
2/17/2026, 17:52:20, 39.783382, -105.056183, 1639.50, 32.25
2/17/2026, 17:52:21, 39.783382, -105.055809, 1640.50, 32.26
2/17/2026, 17:52:22, 39.783386, -105.055420, 1641.50, 32.76
2/17/2026, 17:52:23, 39.783386, -105.055031, 1642.60, 32.90
2/17/2026, 17:52:24, 39.783390, -105.054657, 1643.20, 32.82
2/17/2026, 17:52:25, 39.783413, -105.054283, 1644.00, 32.67
2/17/2026, 17:52:26, 39.783459, -105.053909, 1645.90, 32.33
2/17/2026, 17:52:27, 39.783527, -105.053535, 1646.90, 32.31
2/17/2026, 17:52:28, 39.783623, -105.053177, 1647.80, 31.99
2/17/2026, 17:52:29, 39.783718, -105.052849, 1647.30, 31.45
2/17/2026, 17:52:30, 39.783852, -105.052521, 1646.30, 30.94
2/17/2026, 17:52:31, 39.784008, -105.052216, 1645.00, 30.94
2/17/2026, 17:52:32, 39.784157, -105.051918, 1643.30, 31.23
2/17/2026, 17:52:33, 39.784309, -105.051613, 1642.10, 31.42
2/17/2026, 17:52:34, 39.784470, -105.051300, 1640.70, 31.43
2/17/2026, 17:52:35, 39.784641, -105.051010, 1637.80, 31.15
2/17/2026, 17:52:36, 39.784756, -105.050682, 1638.00, 31.02
2/17/2026, 17:52:37, 39.784870, -105.050339, 1637.60, 31.27
2/17/2026, 17:52:38, 39.784958, -105.050018, 1637.50, 31.30
2/17/2026, 17:52:39, 39.785011, -105.049644, 1638.00, 31.34
2/17/2026, 17:52:40, 39.785061, -105.049301, 1638.40, 31.32
2/17/2026, 17:52:41, 39.785088, -105.048927, 1638.20, 31.34
2/17/2026, 17:52:42, 39.785080, -105.048553, 1638.40, 31.69
2/17/2026, 17:52:43, 39.785046, -105.048195, 1638.20, 31.82
2/17/2026, 17:52:44, 39.784988, -105.047821, 1638.50, 31.85
2/17/2026, 17:52:45, 39.784908, -105.047478, 1638.40, 31.84
2/17/2026, 17:52:46, 39.784798, -105.047119, 1638.10, 31.75
2/17/2026, 17:52:47, 39.784664, -105.046791, 1638.00, 31.91
2/17/2026, 17:52:48, 39.784508, -105.046486, 1638.30, 32.08
2/17/2026, 17:52:49, 39.784340, -105.046173, 1639.60, 33.01
2/17/2026, 17:52:50, 39.784164, -105.045853, 1640.80, 33.55
2/17/2026, 17:52:51, 39.784023, -105.045540, 1642.20, 32.97
2/17/2026, 17:52:52, 39.783882, -105.045197, 1642.70, 32.96
2/17/2026, 17:52:53, 39.783756, -105.044838, 1644.50, 32.73
2/17/2026, 17:52:54, 39.783672, -105.044479, 1645.50, 32.27
2/17/2026, 17:52:55, 39.783604, -105.044106, 1646.10, 32.04
2/17/2026, 17:52:56, 39.783550, -105.043732, 1645.90, 32.21
2/17/2026, 17:52:57, 39.783524, -105.043358, 1645.50, 32.48
2/17/2026, 17:52:58, 39.783512, -105.042969, 1644.60, 32.85
2/17/2026, 17:52:59, 39.783501, -105.042610, 1642.90, 33.26
2/17/2026, 17:53:00, 39.783493, -105.042221, 1642.00, 33.60
2/17/2026, 17:53:01, 39.783493, -105.041832, 1641.00, 33.40
2/17/2026, 17:53:02, 39.783493, -105.041435, 1640.40, 33.94
2/17/2026, 17:53:03, 39.783466, -105.041031, 1640.60, 34.50
2/17/2026, 17:53:04, 39.783455, -105.040642, 1641.30, 34.16
2/17/2026, 17:53:05, 39.783451, -105.040237, 1641.90, 33.79
2/17/2026, 17:53:06, 39.783451, -105.039825, 1642.20, 33.71
2/17/2026, 17:53:07, 39.783447, -105.039436, 1643.00, 33.70
2/17/2026, 17:53:08, 39.783447, -105.039047, 1643.70, 33.69
2/17/2026, 17:53:09, 39.783443, -105.038658, 1644.60, 33.43
2/17/2026, 17:53:10, 39.783443, -105.038284, 1644.90, 32.75
2/17/2026, 17:53:11, 39.783451, -105.037910, 1645.30, 32.17
2/17/2026, 17:53:12, 39.783451, -105.037529, 1645.30, 32.35
2/17/2026, 17:53:13, 39.783451, -105.037140, 1645.60, 32.64
2/17/2026, 17:53:14, 39.783443, -105.036751, 1646.00, 32.75
2/17/2026, 17:53:15, 39.783436, -105.036377, 1647.30, 32.98
2/17/2026, 17:53:16, 39.783424, -105.035988, 1648.80, 32.79
2/17/2026, 17:53:17, 39.783398, -105.035614, 1650.20, 32.05
2/17/2026, 17:53:18, 39.783379, -105.035255, 1651.30, 31.35
2/17/2026, 17:53:19, 39.783371, -105.034897, 1652.10, 30.20
2/17/2026, 17:53:20, 39.783360, -105.034569, 1652.30, 28.96
2/17/2026, 17:53:21, 39.783348, -105.034248, 1652.30, 28.10
2/17/2026, 17:53:22, 39.783325, -105.033920, 1652.00, 27.86
2/17/2026, 17:53:23, 39.783318, -105.033592, 1651.70, 27.51
2/17/2026, 17:53:24, 39.783329, -105.033272, 1651.20, 28.49
2/17/2026, 17:53:25, 39.783367, -105.032913, 1650.40, 30.20
2/17/2026, 17:53:26, 39.783398, -105.032539, 1648.80, 31.89
2/17/2026, 17:53:27, 39.783436, -105.032143, 1647.10, 33.02
2/17/2026, 17:53:28, 39.783497, -105.031754, 1646.30, 33.83
2/17/2026, 17:53:29, 39.783554, -105.031364, 1645.90, 34.31
2/17/2026, 17:53:30, 39.783619, -105.030975, 1645.70, 34.40
2/17/2026, 17:53:31, 39.783684, -105.030586, 1645.80, 34.40
2/17/2026, 17:53:32, 39.783745, -105.030174, 1646.00, 34.59
2/17/2026, 17:53:33, 39.783806, -105.029785, 1646.00, 34.69
2/17/2026, 17:53:34, 39.783871, -105.029396, 1646.10, 34.69
2/17/2026, 17:53:35, 39.783928, -105.029007, 1645.90, 34.45
2/17/2026, 17:53:36, 39.783985, -105.028610, 1645.70, 34.59
2/17/2026, 17:53:37, 39.784046, -105.028206, 1646.00, 34.12
2/17/2026, 17:53:38, 39.784115, -105.027832, 1645.70, 34.04
2/17/2026, 17:53:39, 39.784161, -105.027443, 1645.70, 34.04
2/17/2026, 17:53:40, 39.784191, -105.027054, 1644.90, 34.04
2/17/2026, 17:53:41, 39.784225, -105.026657, 1644.20, 33.94
2/17/2026, 17:53:42, 39.784245, -105.026253, 1643.60, 32.92
2/17/2026, 17:53:43, 39.784264, -105.025879, 1642.80, 32.47
2/17/2026, 17:53:44, 39.784283, -105.025505, 1643.00, 32.46
2/17/2026, 17:53:45, 39.784294, -105.025131, 1642.30, 32.16
2/17/2026, 17:53:46, 39.784294, -105.024757, 1642.50, 32.18
2/17/2026, 17:53:47, 39.784286, -105.024384, 1643.90, 31.71
2/17/2026, 17:53:48, 39.784275, -105.024010, 1645.30, 31.33
2/17/2026, 17:53:49, 39.784241, -105.023651, 1647.10, 31.04
2/17/2026, 17:53:50, 39.784195, -105.023308, 1648.20, 30.65
2/17/2026, 17:53:51, 39.784142, -105.022949, 1648.70, 30.69
2/17/2026, 17:53:52, 39.784084, -105.022591, 1649.00, 31.32
2/17/2026, 17:53:53, 39.784016, -105.022232, 1649.10, 31.91
2/17/2026, 17:53:54, 39.783943, -105.021873, 1648.40, 32.21
2/17/2026, 17:53:55, 39.783878, -105.021500, 1647.80, 32.47
2/17/2026, 17:53:56, 39.783806, -105.021141, 1646.50, 32.51
2/17/2026, 17:53:57, 39.783741, -105.020767, 1644.40, 32.64
2/17/2026, 17:53:58, 39.783691, -105.020378, 1642.30, 32.80
2/17/2026, 17:53:59, 39.783642, -105.019989, 1640.60, 33.00
2/17/2026, 17:54:00, 39.783627, -105.019615, 1639.00, 32.87
2/17/2026, 17:54:01, 39.783627, -105.019241, 1637.50, 32.99
2/17/2026, 17:54:02, 39.783619, -105.018845, 1635.50, 33.61
2/17/2026, 17:54:03, 39.783615, -105.018456, 1634.10, 33.32
2/17/2026, 17:54:04, 39.783596, -105.018066, 1632.40, 33.29
2/17/2026, 17:54:05, 39.783585, -105.017677, 1631.60, 33.28
2/17/2026, 17:54:06, 39.783588, -105.017288, 1631.60, 32.89
2/17/2026, 17:54:07, 39.783592, -105.016914, 1631.80, 32.02
2/17/2026, 17:54:08, 39.783588, -105.016556, 1631.90, 31.09
2/17/2026, 17:54:09, 39.783588, -105.016197, 1631.60, 30.49
2/17/2026, 17:54:10, 39.783585, -105.015839, 1631.20, 30.16
2/17/2026, 17:54:11, 39.783585, -105.015495, 1630.30, 29.72
2/17/2026, 17:54:12, 39.783581, -105.015152, 1629.10, 29.54
2/17/2026, 17:54:13, 39.783573, -105.014809, 1627.60, 29.66
2/17/2026, 17:54:14, 39.783573, -105.014473, 1626.40, 29.62
2/17/2026, 17:54:15, 39.783569, -105.014130, 1625.00, 29.73
2/17/2026, 17:54:16, 39.783554, -105.013771, 1623.20, 30.08
2/17/2026, 17:54:17, 39.783543, -105.013412, 1621.70, 30.51
2/17/2026, 17:54:18, 39.783543, -105.013039, 1620.40, 30.98
2/17/2026, 17:54:19, 39.783543, -105.012680, 1619.30, 31.42
2/17/2026, 17:54:20, 39.783527, -105.012321, 1617.80, 31.85
2/17/2026, 17:54:21, 39.783516, -105.011948, 1617.10, 32.26
2/17/2026, 17:54:22, 39.783512, -105.011574, 1616.60, 32.62
2/17/2026, 17:54:23, 39.783501, -105.011185, 1615.70, 32.74
2/17/2026, 17:54:24, 39.783482, -105.010811, 1615.10, 32.74
2/17/2026, 17:54:25, 39.783463, -105.010414, 1614.60, 32.77
2/17/2026, 17:54:26, 39.783440, -105.010025, 1613.90, 32.92
2/17/2026, 17:54:27, 39.783409, -105.009651, 1612.70, 33.07
2/17/2026, 17:54:28, 39.783375, -105.009262, 1611.80, 33.32
2/17/2026, 17:54:29, 39.783337, -105.008873, 1610.80, 33.55
2/17/2026, 17:54:30, 39.783291, -105.008476, 1609.70, 33.72
2/17/2026, 17:54:31, 39.783260, -105.008087, 1608.40, 33.72
2/17/2026, 17:54:32, 39.783222, -105.007698, 1607.60, 33.27
2/17/2026, 17:54:33, 39.783192, -105.007324, 1606.40, 32.84
2/17/2026, 17:54:34, 39.783161, -105.006935, 1606.10, 32.50
2/17/2026, 17:54:35, 39.783157, -105.006577, 1605.80, 31.93
2/17/2026, 17:54:36, 39.783161, -105.006203, 1605.30, 31.95
2/17/2026, 17:54:37, 39.783188, -105.005844, 1604.90, 31.27
2/17/2026, 17:54:38, 39.783245, -105.005486, 1605.00, 31.30
2/17/2026, 17:54:39, 39.783302, -105.005127, 1606.10, 30.73
2/17/2026, 17:54:40, 39.783340, -105.004753, 1606.80, 30.61
2/17/2026, 17:54:41, 39.783398, -105.004410, 1607.20, 30.21
2/17/2026, 17:54:42, 39.783455, -105.004066, 1607.80, 29.87
2/17/2026, 17:54:43, 39.783501, -105.003731, 1608.10, 29.29
2/17/2026, 17:54:44, 39.783527, -105.003403, 1608.30, 28.62
2/17/2026, 17:54:45, 39.783527, -105.003075, 1607.60, 27.79
2/17/2026, 17:54:46, 39.783512, -105.002754, 1607.40, 27.20
2/17/2026, 17:54:47, 39.783485, -105.002441, 1606.80, 26.92
2/17/2026, 17:54:48, 39.783440, -105.002151, 1606.90, 26.89
2/17/2026, 17:54:49, 39.783379, -105.001839, 1606.80, 26.88
2/17/2026, 17:54:50, 39.783310, -105.001534, 1607.20, 26.99
2/17/2026, 17:54:51, 39.783226, -105.001236, 1607.40, 27.02
2/17/2026, 17:54:52, 39.783142, -105.000946, 1607.50, 26.64
2/17/2026, 17:54:53, 39.783066, -105.000664, 1607.90, 26.24
2/17/2026, 17:54:54, 39.782978, -105.000374, 1608.10, 26.12
2/17/2026, 17:54:55, 39.782898, -105.000084, 1608.90, 25.80
2/17/2026, 17:54:56, 39.782814, -104.999802, 1609.30, 25.56
2/17/2026, 17:54:57, 39.782734, -104.999527, 1609.60, 25.34
2/17/2026, 17:54:58, 39.782650, -104.999252, 1610.20, 25.20
2/17/2026, 17:54:59, 39.782570, -104.998978, 1610.20, 25.30
2/17/2026, 17:55:00, 39.782494, -104.998695, 1610.40, 25.43
2/17/2026, 17:55:01, 39.782413, -104.998421, 1610.60, 25.48
2/17/2026, 17:55:02, 39.782333, -104.998131, 1610.20, 25.71
2/17/2026, 17:55:03, 39.782246, -104.997833, 1609.90, 25.74
2/17/2026, 17:55:04, 39.782169, -104.997559, 1609.40, 26.14
2/17/2026, 17:55:05, 39.782093, -104.997269, 1608.70, 26.17
2/17/2026, 17:55:06, 39.782017, -104.996986, 1608.00, 26.49
2/17/2026, 17:55:07, 39.781929, -104.996681, 1607.10, 26.66
2/17/2026, 17:55:08, 39.781845, -104.996407, 1606.60, 26.83
2/17/2026, 17:55:09, 39.781757, -104.996094, 1605.20, 27.08
2/17/2026, 17:55:10, 39.781673, -104.995804, 1603.90, 27.33
2/17/2026, 17:55:11, 39.781590, -104.995506, 1602.80, 27.56
2/17/2026, 17:55:12, 39.781506, -104.995201, 1602.00, 27.70
2/17/2026, 17:55:13, 39.781425, -104.994904, 1600.90, 27.70
2/17/2026, 17:55:14, 39.781338, -104.994598, 1600.10, 27.54
2/17/2026, 17:55:15, 39.781258, -104.994301, 1599.40, 27.46
2/17/2026, 17:55:16, 39.781174, -104.993996, 1599.10, 27.36
2/17/2026, 17:55:17, 39.781082, -104.993683, 1599.00, 27.38
2/17/2026, 17:55:18, 39.781006, -104.993393, 1599.60, 27.24
2/17/2026, 17:55:19, 39.780930, -104.993080, 1600.40, 27.28
2/17/2026, 17:55:20, 39.780842, -104.992775, 1600.90, 27.43
2/17/2026, 17:55:21, 39.780754, -104.992462, 1601.30, 27.40
2/17/2026, 17:55:22, 39.780674, -104.992187, 1601.70, 27.35
2/17/2026, 17:55:23, 39.780594, -104.991898, 1601.80, 26.78
2/17/2026, 17:55:24, 39.780514, -104.991600, 1601.80, 26.78
2/17/2026, 17:55:25, 39.780441, -104.991310, 1601.40, 27.04
2/17/2026, 17:55:26, 39.780376, -104.990997, 1601.30, 27.29
2/17/2026, 17:55:27, 39.780308, -104.990707, 1601.50, 27.43
2/17/2026, 17:55:28, 39.780235, -104.990379, 1600.90, 27.56
2/17/2026, 17:55:29, 39.780174, -104.990074, 1600.10, 27.81
2/17/2026, 17:55:30, 39.780113, -104.989746, 1599.50, 28.12
2/17/2026, 17:55:31, 39.780052, -104.989418, 1599.00, 28.47
2/17/2026, 17:55:32, 39.780006, -104.989082, 1598.70, 28.81
2/17/2026, 17:55:33, 39.779953, -104.988739, 1599.00, 28.95
2/17/2026, 17:55:34, 39.779919, -104.988411, 1597.80, 28.95
2/17/2026, 17:55:35, 39.779896, -104.988083, 1595.70, 29.29
2/17/2026, 17:55:36, 39.779854, -104.987747, 1594.40, 29.67
2/17/2026, 17:55:37, 39.779823, -104.987404, 1594.00, 30.13
2/17/2026, 17:55:38, 39.779793, -104.987061, 1592.80, 30.43
2/17/2026, 17:55:39, 39.779766, -104.986702, 1591.60, 30.53
2/17/2026, 17:55:40, 39.779751, -104.986343, 1590.50, 30.68
2/17/2026, 17:55:41, 39.779736, -104.985970, 1588.90, 30.80
2/17/2026, 17:55:42, 39.779732, -104.985626, 1587.70, 30.55
2/17/2026, 17:55:43, 39.779724, -104.985268, 1586.10, 30.43
2/17/2026, 17:55:44, 39.779720, -104.984909, 1584.40, 30.47
2/17/2026, 17:55:45, 39.779716, -104.984535, 1582.70, 30.66
2/17/2026, 17:55:46, 39.779720, -104.984177, 1581.60, 30.82
2/17/2026, 17:55:47, 39.779713, -104.983818, 1581.00, 31.03
2/17/2026, 17:55:48, 39.779709, -104.983467, 1580.30, 31.06
2/17/2026, 17:55:49, 39.779713, -104.983109, 1580.20, 31.21
2/17/2026, 17:55:50, 39.779709, -104.982735, 1579.90, 31.42
2/17/2026, 17:55:51, 39.779701, -104.982353, 1580.00, 31.51
2/17/2026, 17:55:52, 39.779682, -104.982002, 1580.30, 31.50
2/17/2026, 17:55:53, 39.779655, -104.981621, 1581.40, 31.39
2/17/2026, 17:55:54, 39.779625, -104.981270, 1581.70, 30.83
2/17/2026, 17:55:55, 39.779594, -104.980911, 1582.60, 30.32
2/17/2026, 17:55:56, 39.779564, -104.980568, 1583.80, 29.75
2/17/2026, 17:55:57, 39.779541, -104.980225, 1584.80, 29.13
2/17/2026, 17:55:58, 39.779518, -104.979897, 1585.90, 28.75
2/17/2026, 17:55:59, 39.779491, -104.979576, 1587.20, 28.45
2/17/2026, 17:56:00, 39.779480, -104.979248, 1587.60, 28.33
2/17/2026, 17:56:01, 39.779465, -104.978905, 1588.10, 28.47
2/17/2026, 17:56:02, 39.779446, -104.978584, 1588.70, 28.46
2/17/2026, 17:56:03, 39.779446, -104.978241, 1589.00, 28.47
2/17/2026, 17:56:04, 39.779442, -104.977913, 1589.40, 28.50
2/17/2026, 17:56:05, 39.779442, -104.977585, 1590.10, 27.75
2/17/2026, 17:56:06, 39.779438, -104.977264, 1590.70, 27.75
2/17/2026, 17:56:07, 39.779434, -104.976921, 1592.00, 28.94
2/17/2026, 17:56:08, 39.779438, -104.976578, 1593.00, 29.63
2/17/2026, 17:56:09, 39.779446, -104.976219, 1594.10, 29.06
2/17/2026, 17:56:10, 39.779465, -104.975876, 1595.30, 29.78
2/17/2026, 17:56:11, 39.779480, -104.975540, 1596.10, 30.20
2/17/2026, 17:56:12, 39.779495, -104.975182, 1596.40, 30.24
2/17/2026, 17:56:13, 39.779514, -104.974823, 1597.20, 30.32
2/17/2026, 17:56:14, 39.779518, -104.974464, 1597.70, 30.65
2/17/2026, 17:56:15, 39.779526, -104.974121, 1598.30, 29.99
2/17/2026, 17:56:16, 39.779537, -104.973763, 1599.40, 29.65
2/17/2026, 17:56:17, 39.779552, -104.973434, 1599.90, 28.73
2/17/2026, 17:56:18, 39.779568, -104.973099, 1600.00, 28.12
2/17/2026, 17:56:19, 39.779587, -104.972771, 1599.60, 27.90
2/17/2026, 17:56:20, 39.779598, -104.972443, 1599.30, 27.70
2/17/2026, 17:56:21, 39.779610, -104.972122, 1598.80, 27.43
2/17/2026, 17:56:22, 39.779613, -104.971794, 1598.70, 27.41
2/17/2026, 17:56:23, 39.779625, -104.971481, 1598.60, 27.09
2/17/2026, 17:56:24, 39.779644, -104.971176, 1599.10, 26.62
2/17/2026, 17:56:25, 39.779652, -104.970879, 1598.50, 26.24
2/17/2026, 17:56:26, 39.779659, -104.970573, 1598.50, 25.80
2/17/2026, 17:56:27, 39.779655, -104.970284, 1598.30, 25.14
2/17/2026, 17:56:28, 39.779659, -104.969986, 1598.30, 24.55
2/17/2026, 17:56:29, 39.779663, -104.969727, 1598.30, 23.60
2/17/2026, 17:56:30, 39.779663, -104.969467, 1597.50, 22.54
2/17/2026, 17:56:31, 39.779659, -104.969208, 1597.00, 21.48
2/17/2026, 17:56:32, 39.779648, -104.968979, 1596.60, 20.33
2/17/2026, 17:56:33, 39.779640, -104.968750, 1596.10, 18.99
2/17/2026, 17:56:34, 39.779629, -104.968552, 1595.60, 17.54
2/17/2026, 17:56:35, 39.779625, -104.968361, 1594.70, 16.25
2/17/2026, 17:56:36, 39.779625, -104.968178, 1594.10, 15.04
2/17/2026, 17:56:37, 39.779621, -104.968033, 1593.20, 13.18
2/17/2026, 17:56:38, 39.779617, -104.967888, 1592.60, 11.15
2/17/2026, 17:56:39, 39.779613, -104.967773, 1592.70, 9.15
2/17/2026, 17:56:40, 39.779598, -104.967674, 1591.90, 8.49
2/17/2026, 17:56:41, 39.779560, -104.967598, 1591.30, 8.36
2/17/2026, 17:56:42, 39.779499, -104.967529, 1590.90, 8.62
2/17/2026, 17:56:43, 39.779427, -104.967499, 1590.60, 9.21
2/17/2026, 17:56:44, 39.779339, -104.967499, 1590.40, 9.79
2/17/2026, 17:56:45, 39.779247, -104.967529, 1590.40, 10.52
2/17/2026, 17:56:46, 39.779156, -104.967644, 1590.00, 11.47
2/17/2026, 17:56:47, 39.779057, -104.967743, 1590.40, 12.84
2/17/2026, 17:56:48, 39.778942, -104.967842, 1590.70, 14.31
2/17/2026, 17:56:49, 39.778831, -104.967949, 1590.80, 15.44
2/17/2026, 17:56:50, 39.778725, -104.968086, 1591.10, 16.20
2/17/2026, 17:56:51, 39.778614, -104.968216, 1591.40, 16.88
2/17/2026, 17:56:52, 39.778503, -104.968361, 1591.70, 17.45
2/17/2026, 17:56:53, 39.778393, -104.968506, 1591.90, 17.84
2/17/2026, 17:56:54, 39.778271, -104.968651, 1591.80, 18.10
2/17/2026, 17:56:55, 39.778160, -104.968796, 1591.50, 17.95
2/17/2026, 17:56:56, 39.778042, -104.968964, 1591.10, 17.86
2/17/2026, 17:56:57, 39.777931, -104.969093, 1591.30, 17.73
2/17/2026, 17:56:58, 39.777824, -104.969238, 1591.10, 17.20
2/17/2026, 17:56:59, 39.777721, -104.969368, 1591.00, 15.46
2/17/2026, 17:57:00, 39.777637, -104.969482, 1591.00, 12.97
2/17/2026, 17:57:01, 39.777542, -104.969528, 1591.60, 10.66
2/17/2026, 17:57:02, 39.777466, -104.969566, 1591.90, 9.17
2/17/2026, 17:57:03, 39.777397, -104.969551, 1592.20, 8.69
2/17/2026, 17:57:04, 39.777328, -104.969498, 1592.40, 9.13
2/17/2026, 17:57:05, 39.777267, -104.969437, 1592.20, 9.49
2/17/2026, 17:57:06, 39.777206, -104.969353, 1592.00, 9.07
2/17/2026, 17:57:07, 39.777149, -104.969284, 1591.70, 7.78
2/17/2026, 17:57:08, 39.777092, -104.969254, 1591.40, 6.35
2/17/2026, 17:57:09, 39.777046, -104.969223, 1591.40, 5.01
2/17/2026, 17:57:10, 39.777004, -104.969238, 1591.40, 4.73
2/17/2026, 17:57:11, 39.776970, -104.969254, 1591.50, 3.67
2/17/2026, 17:57:12, 39.776943, -104.969269, 1591.50, 2.99
2/17/2026, 17:57:13, 39.776928, -104.969284, 1591.50, 2.11
